{"neurotransmitter": 5.672, "vasoactive": 3.9165000000000005, "neurocardiac": 3.8373, "antiarrhythmic": 3.7904000000000004, "cholinergic": 3.7815, "acetylcholine": 3.6888, "cardiac": 3.573, "neuronal": 3.3883, "neurotransmission": 3.375, "neuro": 3.1549, "fibrillation": 2.752, "biomarkers": 2.7470999999999997, "microglia": 2.7223, "neuroinflammation": 2.6972000000000005, "nociceptors": 2.6895000000000002, "atrioventricular": 2.6842, "cardioprotection": 2.6090000000000004, "angiotensin": 2.565, "biomarker": 2.4732, "pharmacodynamic": 2.4634, "gabaergic": 2.4482999999999997, "bungarotoxin": 2.4015, "cgrpergic": 2.3728, "pathophysiology": 2.344, "lidocaine": 2.2516000000000003, "asthma": 2.2398000000000002, "coughing": 2.1729, "glutamatergic": 2.1639999999999997, "ventricle": 2.1545, "tachyarrhythmias": 2.1407999999999996, "neurochemical": 2.125, "channelrhodopsin": 2.1014, "ischemia": 2.0863, "nerve": 2.0361000000000002, "neurological": 2.019, "gcamp6s": 1.9038, "etiologic": 1.8958, "calcitonin": 1.8932, "synuclein": 1.8853000000000002, "autonomic": 1.8639000000000001, "noradrenergic": 1.7868, "neurogenic": 1.7622, "neuroinflammatory": 1.7571, "neurophysiology": 1.7406000000000001, "synaptic": 1.7195999999999998, "sympathetic": 1.7194, "rhythmogenic": 1.7109, "cnt": 1.7097000000000002, "neuroscientific": 1.7069, "receptor": 1.7062}